Optimization,Compiler
L,Clang
H,ICC
H,ICC
L,GCC
H,ICC
H,Clang
H,ICC
H,ICC
H,Clang
H,Clang
H,ICC
L,Clang
H,ICC
H,Clang
L,ICC
L,Clang
H,Clang
L,GCC
H,Clang
L,ICC
H,ICC
L,Clang
H,ICC
L,Clang
H,Clang
H,Clang
L,GCC
H,Clang
H,ICC
H,ICC
H,Clang
H,ICC
H,ICC
L,Clang
H,ICC
H,ICC
H,Clang
H,ICC
H,ICC
L,Clang
H,Clang
H,Clang
L,ICC
L,ICC
H,Clang
H,ICC
L,Clang
H,Clang
L,Clang
L,ICC
H,ICC
H,ICC
L,Clang
H,Clang
H,Clang
H,ICC
H,Clang
H,Clang
L,Clang
H,Clang
H,Clang
L,Clang
L,Clang
H,ICC
H,Clang
H,ICC
L,Clang
H,Clang
H,Clang
L,Clang
L,ICC
H,Clang
H,Clang
H,ICC
L,ICC
H,ICC
L,Clang
L,Clang
L,ICC
H,ICC
H,ICC
H,Clang
H,ICC
H,Clang
L,Clang
H,Clang
H,ICC
H,Clang
H,Clang
H,Clang
H,Clang
H,ICC
L,Clang
H,Clang
H,Clang
H,Clang
H,Clang
H,Clang
H,Clang
H,Clang
H,ICC
H,ICC
L,Clang
L,ICC
L,ICC
H,Clang
H,ICC
H,Clang
H,Clang
L,ICC
H,ICC
H,ICC
H,Clang
L,ICC
H,ICC
H,ICC
H,Clang
L,Clang
H,ICC
H,ICC
L,Clang
H,Clang
H,Clang
L,Clang
H,ICC
H,Clang
L,Clang
H,Clang
H,ICC
L,ICC
L,Clang
H,Clang
L,Clang
L,Clang
H,Clang
H,Clang
H,ICC
L,Clang
L,Clang
L,Clang
H,ICC
L,Clang
H,Clang
L,ICC
L,Clang
L,ICC
H,Clang
L,Clang
L,ICC
H,ICC
L,Clang
H,Clang
H,ICC
L,ICC
H,Clang
L,Clang
L,Clang
L,ICC
L,Clang
H,ICC
L,Clang
L,Clang
L,ICC
H,Clang
L,GCC
H,Clang
H,Clang
H,Clang
H,Clang
H,ICC
H,Clang
H,Clang
L,Clang
L,Clang
H,ICC
L,ICC
H,Clang
H,ICC
H,Clang
H,ICC
H,Clang
L,ICC
L,Clang
H,Clang
L,ICC
L,ICC
H,ICC
L,Clang
H,Clang
H,ICC
H,Clang
L,ICC
L,Clang
L,Clang
H,Clang
H,GCC
H,Clang
H,Clang
L,ICC
H,ICC
L,ICC
H,Clang
H,ICC
L,ICC
L,ICC
L,Clang
H,Clang
H,Clang
L,Clang
L,Clang
L,Clang
H,Clang
L,ICC
L,Clang
H,Clang
H,Clang
L,Clang
H,ICC
L,ICC
L,Clang
L,Clang
H,Clang
L,Clang
L,Clang
H,Clang
L,ICC
L,ICC
L,Clang
L,Clang
L,ICC
L,ICC
H,ICC
H,Clang
H,ICC
H,GCC
L,ICC
H,Clang
H,ICC
H,Clang
H,Clang
H,Clang
H,Clang
H,Clang
L,ICC
L,ICC
L,Clang
H,Clang
H,ICC
H,Clang
H,ICC
H,Clang
H,Clang
H,Clang
H,Clang
L,Clang
L,ICC
L,Clang
H,Clang
H,ICC
L,Clang
H,Clang
L,ICC
H,ICC
L,ICC
H,ICC
L,Clang
H,Clang
H,Clang
H,ICC
L,Clang
H,GCC
H,Clang
H,Clang
H,ICC
H,ICC
H,Clang
H,Clang
L,ICC
H,Clang
H,ICC
H,Clang
H,Clang
H,Clang
H,ICC
L,Clang
L,ICC
H,Clang
H,ICC
L,Clang
L,ICC
H,Clang
L,Clang
L,ICC
L,ICC
H,ICC
H,ICC
H,ICC
L,Clang
L,ICC
L,Clang
L,Clang
H,Clang
H,ICC
H,Clang
L,Clang
L,Clang
L,Clang
L,ICC
L,ICC
L,Clang
H,Clang
H,Clang
H,Clang
H,ICC
H,ICC
L,Clang
H,ICC
H,Clang
H,ICC
L,Clang
H,ICC
L,Clang
L,ICC
H,ICC
H,Clang
H,ICC
H,Clang
L,ICC
H,ICC
L,ICC
H,ICC
L,Clang
L,Clang
H,GCC
H,Clang
H,Clang
L,Clang
H,Clang
H,ICC
H,ICC
L,Clang
H,Clang
H,Clang
H,Clang
H,Clang
L,Clang
H,Clang
H,ICC
H,Clang
L,Clang
H,Clang
H,Clang
H,ICC
L,ICC
H,ICC
H,ICC
H,ICC
L,ICC
H,ICC
H,Clang
H,ICC
L,Clang
L,Clang
H,Clang
L,GCC
H,ICC
H,Clang
H,Clang
H,Clang
H,Clang
H,Clang
H,Clang
L,ICC
H,Clang
H,Clang
H,Clang
L,ICC
H,ICC
H,Clang
H,Clang
H,Clang
H,ICC
H,Clang
H,ICC
H,Clang
L,ICC
L,ICC
L,ICC
L,Clang
H,ICC
L,Clang
L,ICC
L,ICC
H,ICC
L,Clang
H,Clang
H,Clang
H,ICC
H,Clang
H,ICC
H,Clang
H,ICC
H,ICC
H,ICC
H,ICC
H,ICC
H,ICC
H,GCC
H,Clang
H,ICC
L,Clang
H,Clang
H,ICC
L,Clang
H,ICC
H,Clang
H,ICC
L,Clang
H,Clang
L,ICC
L,Clang
H,Clang
H,GCC
L,Clang
L,Clang
H,Clang
H,Clang
H,ICC
L,Clang
H,Clang
H,Clang
H,Clang
H,Clang
L,Clang
L,ICC
H,Clang
L,Clang
H,Clang
H,Clang
L,ICC
H,Clang
H,Clang
H,Clang
H,Clang
L,Clang
H,ICC
H,Clang
L,Clang
H,ICC
H,Clang
L,ICC
H,ICC
H,ICC
H,Clang
H,Clang
L,Clang
H,GCC
H,Clang
H,Clang
H,Clang
H,ICC
L,Clang
H,ICC
L,Clang
H,Clang
L,Clang
H,Clang
H,Clang
L,ICC
H,ICC
L,Clang
H,ICC
H,ICC
H,Clang
L,Clang
H,ICC
H,Clang
H,ICC
L,Clang
L,Clang
L,ICC
H,Clang
L,Clang
L,Clang
H,Clang
H,Clang
L,ICC
L,ICC
L,Clang
H,ICC
H,ICC
H,ICC
H,Clang
H,Clang
H,Clang
L,ICC
H,Clang
H,ICC
L,ICC
H,ICC
H,ICC
L,Clang
L,Clang
H,Clang
H,ICC
L,Clang
H,Clang
L,ICC
L,ICC
H,GCC
L,ICC
L,ICC
H,Clang
H,ICC
H,Clang
H,Clang
H,Clang
H,ICC
H,Clang
H,Clang
H,Clang
H,Clang
H,ICC
L,Clang
L,Clang
H,Clang
H,Clang
H,ICC
H,ICC
L,Clang
H,ICC
H,Clang
L,Clang
H,Clang
H,Clang
L,ICC
L,Clang
L,ICC
H,Clang
H,Clang
L,Clang
H,ICC
L,Clang
H,Clang
L,Clang
H,ICC
H,ICC
H,Clang
L,ICC
H,ICC
H,Clang
H,Clang
H,ICC
H,ICC
L,Clang
L,Clang
H,ICC
H,ICC
H,ICC
H,ICC
H,Clang
H,Clang
H,Clang
H,ICC
H,ICC
H,ICC
L,Clang
L,Clang
L,ICC
L,ICC
H,Clang
H,ICC
H,ICC
H,Clang
H,Clang
H,Clang
L,Clang
H,ICC
H,Clang
H,ICC
H,ICC
L,Clang
H,ICC
H,ICC
L,Clang
H,Clang
L,Clang
L,ICC
H,ICC
H,Clang
H,ICC
H,Clang
L,GCC
H,ICC
L,ICC
L,ICC
L,Clang
H,ICC
H,Clang
H,ICC
H,Clang
H,ICC
H,ICC
H,ICC
L,Clang
H,ICC
L,Clang
H,Clang
H,Clang
L,Clang
H,ICC
H,Clang
L,Clang
L,ICC
H,Clang
H,Clang
L,Clang
L,GCC
H,Clang
H,Clang
H,Clang
L,Clang
H,Clang
H,GCC
L,ICC
H,ICC
H,Clang
L,ICC
H,Clang
H,ICC
H,ICC
H,ICC
H,Clang
H,Clang
H,Clang
H,ICC
H,ICC
H,ICC
L,ICC
H,ICC
H,ICC
L,Clang
L,Clang
L,Clang
H,Clang
H,Clang
L,ICC
H,Clang
L,Clang
L,Clang
L,ICC
H,Clang
H,Clang
H,ICC
H,Clang
H,Clang
H,Clang
H,ICC
H,Clang
L,Clang
L,ICC
H,ICC
L,Clang
H,Clang
H,Clang
H,Clang
H,Clang
H,ICC
H,ICC
H,Clang
L,Clang
H,Clang
H,Clang
H,Clang
H,Clang
L,ICC
L,ICC
H,Clang
L,ICC
L,Clang
H,ICC
H,ICC
L,ICC
H,GCC
L,Clang
H,Clang
H,Clang
H,ICC
L,ICC
H,ICC
H,Clang
H,Clang
L,ICC
L,Clang
H,Clang
L,GCC
H,Clang
L,Clang
L,Clang
H,Clang
H,Clang
L,ICC
H,Clang
L,ICC
H,Clang
H,ICC
L,Clang
L,Clang
H,Clang
H,Clang
L,Clang
L,ICC
H,Clang
L,ICC
H,ICC
H,ICC
H,ICC
L,ICC
H,Clang
H,ICC
L,Clang
H,ICC
H,Clang
H,Clang
H,ICC
H,Clang
H,Clang
H,Clang
L,Clang
L,Clang
H,GCC
L,ICC
L,Clang
H,Clang
H,ICC
H,ICC
L,Clang
L,Clang
H,Clang
L,Clang
H,Clang
L,Clang
H,ICC
L,ICC
H,ICC
L,ICC
H,Clang
H,Clang
L,Clang
L,Clang
H,Clang
H,GCC
H,ICC
H,ICC
L,ICC
H,Clang
H,Clang
H,Clang
L,Clang
H,Clang
H,Clang
H,Clang
H,Clang
H,Clang
L,Clang
H,Clang
H,ICC
L,ICC
H,Clang
H,Clang
H,Clang
H,Clang
L,ICC
H,Clang
H,Clang
H,ICC
H,Clang
L,ICC
H,Clang
L,ICC
L,Clang
H,Clang
H,Clang
H,Clang
L,ICC
H,Clang
H,Clang
L,Clang
H,ICC
H,ICC
H,Clang
H,ICC
L,Clang
L,Clang
H,Clang
H,Clang
L,ICC
H,ICC
L,Clang
H,ICC
L,Clang
H,ICC
L,Clang
H,Clang
H,Clang
L,GCC
L,ICC
L,ICC
L,Clang
L,ICC
H,ICC
L,ICC
H,Clang
L,ICC
L,Clang
H,ICC
L,ICC
H,Clang
H,ICC
H,Clang
H,Clang
H,ICC
L,Clang
H,Clang
L,Clang
L,Clang
H,Clang
L,Clang
H,Clang
H,Clang
L,Clang
H,GCC
H,Clang
L,Clang
H,Clang
H,Clang
L,Clang
H,Clang
L,ICC
L,ICC
H,ICC
H,ICC
L,Clang
H,Clang
L,ICC
L,Clang
H,Clang
L,Clang
H,Clang
H,Clang
L,Clang
H,Clang
H,Clang
H,Clang
L,Clang
H,Clang
L,ICC
H,Clang
L,ICC
H,ICC
H,ICC
L,Clang
H,Clang
H,Clang
H,Clang
L,ICC
L,ICC
L,ICC
H,ICC
H,Clang
H,ICC
L,Clang
H,Clang
L,Clang
H,ICC
H,ICC
H,Clang
H,Clang
H,Clang
L,Clang
H,Clang
L,Clang
L,Clang
H,ICC
L,ICC
H,ICC
H,ICC
H,Clang
H,ICC
H,ICC
H,Clang
L,ICC
H,Clang
H,Clang
H,Clang
L,ICC
L,Clang
L,ICC
L,ICC
H,Clang
H,ICC
H,Clang
L,ICC
H,Clang
L,ICC
L,ICC
H,ICC
H,Clang
H,Clang
H,Clang
H,ICC
L,ICC
H,Clang
H,Clang
H,ICC
H,Clang
H,Clang
L,Clang
H,ICC
H,Clang
H,ICC
H,Clang
L,Clang
H,ICC
H,ICC
H,ICC
H,ICC
H,ICC
L,GCC
L,Clang
H,ICC
H,Clang
H,Clang
L,ICC
L,Clang
L,Clang
H,Clang
H,Clang
L,ICC
H,GCC
H,ICC
L,Clang
H,ICC
L,Clang
L,Clang
H,ICC
H,Clang
H,Clang
H,Clang
L,Clang
L,ICC
H,ICC
H,ICC
H,Clang
L,Clang
L,ICC
H,ICC
H,Clang
L,Clang
H,Clang
L,Clang
H,Clang
H,Clang
L,ICC
L,Clang
H,Clang
H,Clang
L,Clang
L,Clang
L,Clang
H,GCC
L,ICC
H,ICC
H,ICC
H,Clang
H,Clang
L,Clang
H,GCC
L,Clang
H,Clang
L,Clang
H,Clang
H,Clang
L,GCC
H,Clang
H,Clang
L,Clang
L,ICC
H,Clang
H,Clang
H,ICC
H,Clang
H,Clang
L,Clang
H,Clang
L,Clang
L,Clang
H,Clang
H,ICC
H,ICC
L,ICC
L,Clang
L,ICC
L,Clang
H,ICC
H,ICC
L,ICC
H,Clang
L,Clang
H,ICC
H,Clang
H,Clang
H,ICC
L,Clang
L,Clang
H,ICC
H,ICC
H,Clang
H,ICC
L,Clang
L,ICC
H,ICC
L,ICC
H,ICC
H,ICC
H,Clang
H,Clang
H,GCC
L,Clang
H,Clang
L,ICC
H,Clang
H,Clang
H,Clang
L,ICC
L,ICC
H,Clang
H,ICC
H,Clang
H,Clang
H,Clang
H,ICC
H,Clang
H,ICC
H,ICC
L,Clang
H,Clang
H,Clang
L,Clang
H,ICC
H,Clang
L,Clang
L,Clang
H,ICC
H,ICC
H,ICC
L,Clang
H,Clang
H,GCC
H,ICC
L,Clang
H,ICC
L,Clang
H,Clang
L,ICC
L,GCC
L,Clang
H,Clang
H,ICC
H,Clang
H,Clang
L,Clang
H,Clang
H,Clang
L,Clang
L,Clang
H,Clang
L,Clang
L,ICC
L,ICC
H,Clang
H,Clang
L,Clang
H,ICC
L,ICC
H,Clang
H,ICC
H,Clang
L,ICC
L,ICC
H,Clang
H,Clang
H,ICC
H,ICC
H,Clang
H,Clang
L,Clang
H,GCC
L,Clang
L,ICC
L,ICC
H,Clang
H,ICC
L,Clang
H,ICC
L,Clang
H,Clang
L,ICC
H,ICC
L,Clang
L,ICC
L,Clang
L,Clang
L,ICC
L,Clang
L,ICC
H,Clang
H,Clang
L,ICC
H,ICC
H,Clang
L,GCC
H,Clang
L,Clang
H,Clang
L,ICC
H,Clang
H,ICC
L,ICC
L,Clang
H,ICC
H,ICC
L,Clang
L,ICC
L,Clang
H,Clang
H,GCC
H,Clang
L,Clang
L,Clang
H,Clang
L,Clang
H,Clang
H,ICC
H,ICC
H,Clang
H,Clang
H,Clang
H,Clang
H,Clang
H,Clang
L,ICC
H,Clang
L,Clang
L,Clang
L,ICC
H,Clang
H,ICC
H,Clang
L,Clang
L,Clang
H,Clang
H,Clang
L,Clang
L,GCC
H,Clang
H,Clang
L,Clang
L,ICC
L,Clang
L,ICC
L,Clang
H,ICC
L,ICC
H,ICC
H,ICC
H,ICC
H,Clang
H,ICC
L,Clang
H,Clang
H,Clang
H,Clang
H,Clang
L,GCC
H,Clang
H,ICC
L,Clang
L,Clang
L,ICC
L,Clang
L,Clang
L,Clang
H,Clang
H,Clang
L,Clang
H,ICC
H,ICC
L,Clang
H,ICC
L,ICC
L,Clang
L,Clang
H,Clang
L,Clang
H,Clang
L,Clang
L,Clang
H,Clang
L,Clang
H,Clang
H,ICC
H,Clang
H,ICC
L,ICC
H,ICC
H,ICC
H,ICC
H,ICC
H,ICC
H,Clang
H,ICC
H,ICC
L,ICC
H,ICC
L,Clang
L,Clang
L,ICC
H,Clang
H,Clang
L,ICC
L,ICC
L,Clang
H,Clang
H,Clang
H,ICC
L,ICC
H,Clang
H,Clang
H,ICC
H,Clang
H,Clang
H,Clang
L,Clang
H,ICC
H,ICC
H,Clang
H,Clang
H,Clang
L,Clang
H,Clang
L,ICC
H,Clang
L,Clang
H,ICC
L,ICC
H,Clang
L,Clang
H,Clang
H,Clang
H,ICC
H,Clang
H,Clang
L,ICC
L,ICC
H,Clang
H,ICC
H,ICC
H,Clang
L,ICC
H,ICC
H,ICC
H,Clang
H,GCC
L,Clang
L,Clang
L,ICC
H,ICC
L,Clang
H,Clang
L,Clang
L,ICC
H,Clang
L,Clang
L,ICC
H,Clang
H,ICC
H,Clang
H,ICC
L,Clang
H,ICC
H,Clang
H,Clang
H,Clang
H,Clang
H,Clang
H,ICC
L,Clang
H,ICC
L,Clang
H,Clang
H,Clang
L,Clang
L,Clang
L,Clang
H,ICC
H,ICC
H,ICC
H,ICC
L,ICC
L,Clang
L,Clang
H,Clang
L,Clang
L,Clang
H,Clang
H,Clang
H,ICC
H,ICC
H,Clang
H,Clang
L,ICC
L,Clang
H,Clang
H,Clang
L,Clang
L,Clang
H,Clang
H,ICC
L,ICC
H,ICC
L,Clang
L,Clang
L,Clang
H,Clang
H,Clang
L,ICC
H,Clang
H,Clang
H,ICC
L,Clang
L,Clang
L,Clang
L,Clang
H,Clang
L,ICC
H,ICC
L,ICC
L,Clang
H,Clang
H,Clang
L,ICC
L,Clang
H,ICC
H,Clang
L,Clang
L,Clang
L,ICC
L,Clang
L,Clang
H,ICC
H,Clang
H,Clang
H,Clang
H,Clang
L,Clang
H,ICC
H,Clang
H,Clang
H,ICC
H,Clang
H,ICC
H,Clang
H,ICC
H,Clang
H,Clang
L,ICC
L,GCC
L,Clang
L,Clang
L,Clang
L,ICC
H,ICC
H,Clang
H,Clang
H,ICC
H,ICC
H,Clang
L,ICC
H,ICC
H,Clang
H,ICC
H,ICC
L,GCC
L,ICC
L,Clang
H,Clang
L,ICC
H,ICC
H,Clang
H,Clang
H,Clang
L,ICC
L,Clang
H,ICC
L,GCC
H,Clang
H,Clang
L,Clang
H,Clang
H,Clang
H,Clang
H,Clang
H,ICC
L,ICC
H,ICC
H,Clang
L,ICC
H,ICC
L,ICC
H,ICC
H,ICC
H,ICC
H,ICC
H,Clang
H,Clang
L,ICC
H,ICC
L,Clang
H,Clang
H,Clang
H,ICC
H,Clang
L,Clang
H,Clang
L,Clang
H,Clang
L,Clang
H,ICC
H,Clang
H,Clang
H,ICC
L,Clang
H,ICC
H,Clang
L,Clang
L,GCC
H,Clang
L,ICC
H,Clang
H,Clang
H,Clang
H,Clang
L,Clang
H,Clang
H,ICC
H,ICC
H,Clang
H,ICC
H,ICC
H,GCC
L,ICC
L,Clang
L,Clang
H,Clang
H,Clang
H,ICC
H,GCC
H,Clang
H,ICC
H,Clang
H,Clang
H,ICC
H,Clang
H,ICC
L,Clang
L,Clang
H,Clang
H,Clang
H,Clang
L,ICC
H,Clang
H,ICC
L,ICC
H,Clang
L,Clang
H,Clang
H,ICC
H,ICC
H,ICC
H,Clang
H,Clang
H,Clang
H,Clang
H,Clang
H,Clang
H,ICC
H,ICC
H,Clang
L,Clang
H,ICC
H,Clang
L,Clang
H,ICC
H,Clang
L,ICC
H,Clang
H,ICC
H,ICC
H,ICC
H,Clang
H,Clang
H,ICC
H,Clang
H,ICC
H,Clang
H,ICC
H,GCC
H,Clang
L,ICC
H,ICC
H,ICC
H,ICC
L,Clang
H,Clang
L,ICC
H,Clang
L,ICC
H,ICC
H,Clang
H,ICC
H,Clang
L,ICC
L,Clang
H,Clang
L,ICC
H,Clang
H,ICC
L,Clang
L,ICC
H,Clang
H,Clang
L,ICC
H,ICC
H,Clang
H,Clang
L,GCC
H,Clang
L,Clang
H,Clang
H,ICC
H,Clang
L,Clang
H,Clang
H,Clang
H,Clang
L,ICC
H,ICC
H,Clang
L,Clang
L,ICC
L,ICC
L,ICC
H,Clang
L,Clang
H,ICC
L,ICC
L,Clang
H,Clang
H,ICC
H,Clang
L,ICC
H,ICC
H,Clang
H,ICC
H,Clang
L,ICC
L,ICC
H,Clang
H,ICC
L,ICC
H,ICC
H,Clang
L,Clang
H,Clang
H,Clang
H,ICC
H,Clang
H,ICC
L,Clang
H,ICC
H,ICC
L,Clang
L,Clang
H,Clang
L,ICC
L,Clang
L,Clang
L,Clang
L,Clang
L,Clang
H,Clang
L,Clang
L,ICC
H,Clang
H,Clang
H,Clang
H,GCC
H,Clang
H,ICC
L,Clang
H,Clang
H,Clang
L,Clang
H,Clang
L,Clang
L,Clang
H,ICC
H,ICC
L,Clang
H,Clang
L,Clang
L,Clang
H,ICC
H,Clang
H,ICC
H,ICC
L,ICC
H,ICC
L,ICC
H,Clang
L,Clang
H,Clang
L,ICC
L,Clang
L,Clang
H,ICC
H,Clang
L,Clang
L,ICC
H,GCC
H,Clang
L,ICC
L,Clang
H,Clang
H,Clang
L,Clang
H,ICC
H,ICC
H,Clang
H,ICC
H,Clang
L,Clang
L,Clang
H,Clang
H,ICC
H,ICC
L,ICC
H,Clang
L,Clang
L,Clang
H,ICC
L,ICC
H,ICC
H,ICC
H,ICC
H,Clang
H,ICC
H,Clang
H,ICC
H,Clang
H,Clang
H,GCC
H,ICC
H,Clang
H,Clang
H,ICC
H,Clang
L,Clang
L,Clang
L,ICC
L,Clang
L,ICC
H,Clang
H,Clang
H,ICC
L,Clang
L,ICC
L,ICC
H,GCC
H,Clang
L,ICC
H,ICC
L,ICC
H,Clang
L,ICC
L,ICC
L,Clang
H,Clang
H,ICC
L,GCC
L,Clang
H,ICC
H,ICC
H,ICC
H,ICC
H,Clang
H,ICC
L,ICC
H,ICC
L,ICC
L,Clang
L,Clang
H,ICC
H,Clang
L,Clang
H,Clang
H,ICC
H,Clang
H,ICC
H,ICC
H,Clang
L,Clang
H,ICC
H,Clang
H,Clang
H,Clang
H,Clang
H,ICC
H,Clang
H,ICC
L,Clang
L,ICC
L,Clang
H,ICC
L,Clang
H,ICC
H,ICC
H,ICC
H,Clang
H,Clang
H,Clang
H,Clang
H,ICC
H,Clang
L,Clang
H,ICC
H,GCC
H,Clang
H,ICC
L,ICC
H,Clang
L,ICC
L,ICC
H,Clang
L,Clang
H,Clang
L,ICC
H,Clang
H,ICC
H,Clang
L,Clang
H,Clang
L,ICC
H,ICC
L,Clang
L,Clang
H,ICC
L,Clang
L,Clang
H,Clang
H,ICC
H,Clang
H,ICC
H,ICC
L,ICC
H,Clang
H,Clang
L,Clang
L,Clang
H,Clang
H,ICC
H,ICC
H,Clang
L,ICC
H,Clang
H,GCC
L,ICC
H,GCC
H,Clang
H,GCC
H,ICC
L,Clang
H,Clang
H,Clang
H,Clang
L,Clang
H,Clang
H,GCC
H,Clang
H,ICC
L,Clang
H,Clang
H,ICC
L,ICC
H,ICC
H,Clang
H,Clang
H,GCC
H,Clang
L,ICC
H,Clang
H,Clang
H,Clang
H,Clang
H,Clang
L,Clang
H,Clang
L,ICC
H,Clang
H,ICC
H,ICC
H,ICC
H,Clang
H,GCC
L,Clang
H,ICC
L,ICC
H,ICC
L,Clang
L,Clang
L,ICC
H,Clang
L,ICC
H,ICC
H,ICC
H,Clang
H,Clang
H,Clang
H,Clang
L,ICC
L,ICC
L,Clang
H,GCC
H,Clang
H,ICC
H,ICC
L,Clang
H,ICC
L,Clang
H,Clang
H,ICC
L,Clang
L,Clang
H,Clang
H,Clang
H,ICC
L,Clang
L,Clang
H,ICC
H,ICC
H,Clang
L,Clang
H,ICC
H,Clang
H,ICC
H,ICC
H,Clang
H,Clang
H,ICC
L,Clang
H,ICC
H,Clang
H,Clang
L,Clang
L,ICC
H,ICC
L,Clang
L,ICC
L,ICC
H,Clang
L,Clang
L,Clang
H,Clang
H,Clang
L,Clang
H,ICC
H,Clang
L,Clang
L,ICC
H,ICC
H,Clang
H,ICC
L,Clang
H,ICC
H,Clang
L,Clang
L,Clang
H,Clang
H,GCC
H,Clang
H,ICC
H,Clang
L,ICC
H,Clang
H,Clang
H,ICC
H,Clang
H,ICC
H,ICC
L,ICC
H,ICC
H,ICC
L,ICC
L,Clang
H,ICC
H,Clang
H,Clang
L,ICC
L,Clang
H,ICC
H,ICC
H,ICC
L,ICC
L,Clang
H,Clang
L,ICC
H,ICC
H,Clang
H,Clang
H,Clang
L,ICC
L,Clang
L,Clang
H,Clang
H,ICC
H,ICC
L,Clang
H,Clang
H,Clang
H,Clang
H,Clang
H,Clang
H,Clang
H,ICC
H,ICC
H,Clang
L,Clang
H,ICC
H,Clang
H,ICC
H,Clang
L,Clang
L,Clang
L,Clang
H,Clang
L,Clang
H,ICC
H,ICC
H,ICC
H,Clang
L,Clang
H,Clang
L,Clang
H,Clang
H,Clang
H,ICC
H,Clang
H,ICC
L,Clang
L,Clang
H,Clang
H,ICC
H,ICC
L,Clang
L,ICC
H,Clang
H,ICC
H,ICC
H,Clang
H,Clang
H,Clang
L,Clang
H,ICC
H,ICC
H,Clang
H,Clang
L,ICC
H,ICC
H,Clang
H,Clang
H,ICC
H,Clang
H,Clang
H,ICC
L,Clang
L,Clang
H,Clang
H,Clang
H,ICC
H,ICC
H,Clang
H,Clang
H,Clang
H,ICC
H,ICC
H,Clang
H,Clang
H,Clang
H,GCC
H,Clang
H,Clang
H,Clang
L,ICC
H,Clang
L,Clang
H,Clang
H,Clang
H,Clang
H,Clang
L,ICC
H,Clang
H,Clang
L,Clang
H,Clang
H,ICC
L,ICC
H,Clang
H,ICC
H,Clang
L,ICC
H,Clang
H,ICC
H,Clang
L,Clang
H,Clang
L,Clang
L,ICC
H,ICC
H,Clang
H,ICC
L,Clang
H,Clang
L,ICC
H,Clang
L,Clang
L,Clang
L,ICC
L,ICC
H,ICC
L,Clang
H,Clang
H,Clang
L,Clang
H,ICC
H,ICC
L,ICC
L,Clang
H,ICC
H,ICC
L,Clang
H,ICC
H,Clang
L,Clang
L,ICC
H,Clang
H,Clang
H,Clang
L,Clang
H,ICC
H,ICC
H,ICC
H,ICC
H,ICC
H,ICC
L,Clang
H,ICC
H,Clang
H,Clang
H,Clang
L,Clang
L,ICC
H,Clang
H,Clang
L,GCC
H,GCC
H,ICC
H,Clang
L,Clang
L,Clang
H,Clang
L,Clang
L,Clang
L,ICC
L,Clang
H,ICC
H,Clang
H,ICC
H,ICC
L,Clang
H,Clang
H,Clang
H,ICC
H,ICC
L,ICC
H,Clang
H,ICC
H,ICC
H,ICC
H,Clang
L,ICC
H,ICC
H,Clang
H,GCC
H,Clang
H,ICC
H,ICC
H,Clang
H,ICC
H,Clang
H,Clang
H,Clang
H,Clang
L,ICC
L,ICC
L,GCC
H,Clang
L,Clang
H,Clang
L,Clang
H,Clang
H,Clang
H,Clang
H,ICC
H,ICC
L,ICC
L,ICC
L,Clang
L,Clang
H,Clang
H,Clang
L,ICC
H,GCC
H,Clang
H,Clang
L,Clang
H,ICC
H,ICC
L,ICC
L,Clang
H,ICC
L,Clang
H,Clang
H,Clang
H,Clang
H,Clang
H,Clang
H,ICC
L,ICC
L,ICC
H,Clang
L,ICC
H,Clang
H,Clang
H,Clang
H,Clang
L,Clang
H,ICC
H,ICC
H,GCC
H,ICC
L,ICC
H,Clang
H,Clang
H,ICC
H,Clang
H,Clang
L,Clang
H,Clang
L,ICC
H,ICC
L,Clang
H,ICC
H,Clang
H,Clang
L,ICC
H,Clang
H,ICC
L,Clang
H,Clang
H,Clang
H,GCC
H,Clang
H,Clang
H,Clang
L,GCC
H,ICC
H,Clang
H,Clang
H,Clang
H,Clang
H,ICC
H,Clang
L,ICC
H,Clang
L,Clang
H,ICC
H,Clang
L,Clang
H,Clang
H,ICC
L,ICC
H,Clang
H,Clang
H,Clang
H,Clang
H,Clang
H,Clang
H,ICC
H,ICC
L,Clang
L,GCC
H,Clang
H,ICC
L,Clang
H,Clang
H,ICC
H,ICC
L,Clang
H,ICC
H,ICC
L,ICC
L,ICC
L,Clang
L,ICC
L,ICC
H,ICC
H,Clang
L,ICC
H,Clang
H,ICC
H,Clang
H,Clang
H,Clang
H,Clang
L,Clang
H,ICC
H,Clang
H,Clang
L,Clang
L,Clang
H,GCC
L,ICC
H,ICC
L,Clang
H,Clang
H,ICC
L,Clang
L,ICC
H,Clang
L,Clang
H,Clang
L,ICC
H,Clang
L,GCC
H,ICC
L,Clang
H,Clang
H,Clang
H,Clang
L,ICC
L,GCC
H,Clang
H,ICC
L,ICC
L,GCC
H,Clang
L,Clang
H,Clang
L,Clang
H,ICC
L,Clang
H,ICC
L,Clang
H,ICC
H,ICC
H,Clang
L,Clang
H,ICC
H,ICC
H,ICC
L,ICC
H,Clang
H,ICC
H,ICC
L,ICC
H,Clang
H,Clang
L,ICC
L,GCC
H,Clang
H,Clang
H,Clang
H,Clang
L,Clang
L,Clang
H,Clang
H,Clang
H,Clang
H,ICC
L,ICC
H,Clang
H,ICC
L,ICC
H,Clang
L,Clang
H,Clang
L,Clang
H,Clang
L,ICC
H,Clang
H,Clang
H,Clang
H,Clang
H,ICC
H,ICC
L,Clang
L,Clang
H,Clang
H,Clang
L,Clang
H,Clang
H,ICC
H,ICC
H,Clang
L,ICC
H,ICC
H,Clang
H,Clang
H,Clang
L,Clang
H,Clang
H,ICC
L,Clang
H,Clang
L,ICC
H,Clang
H,Clang
L,GCC
H,GCC
H,Clang
H,ICC
H,ICC
L,ICC
L,ICC
L,ICC
H,Clang
H,Clang
H,ICC
L,ICC
H,ICC
L,Clang
L,Clang
L,GCC
L,ICC
H,Clang
H,Clang
H,Clang
H,Clang
L,ICC
H,ICC
H,Clang
H,ICC
H,Clang
L,Clang
L,Clang
L,Clang
H,Clang
L,Clang
H,GCC
H,Clang
H,ICC
L,Clang
H,Clang
H,Clang
H,ICC
H,Clang
L,ICC
L,Clang
L,ICC
H,ICC
H,ICC
H,ICC
H,ICC
H,ICC
L,ICC
H,Clang
H,Clang
H,ICC
H,Clang
H,Clang
H,Clang
H,Clang
H,ICC
H,Clang
L,ICC
H,Clang
H,Clang
H,Clang
H,Clang
L,ICC
L,Clang
H,ICC
H,Clang
L,Clang
L,Clang
H,Clang
H,Clang
H,Clang
H,Clang
H,Clang
H,ICC
H,Clang
L,Clang
L,Clang
H,ICC
H,ICC
H,Clang
H,ICC
H,Clang
H,Clang
L,Clang
H,ICC
L,ICC
L,Clang
H,Clang
H,Clang
L,ICC
H,ICC
L,Clang
H,Clang
L,ICC
H,Clang
L,Clang
L,Clang
H,Clang
H,ICC
L,Clang
H,Clang
H,ICC
L,ICC
L,Clang
H,ICC
L,Clang
L,ICC
H,Clang
H,ICC
H,ICC
H,Clang
H,Clang
H,Clang
H,ICC
L,ICC
H,ICC
L,Clang
H,ICC
L,ICC
H,ICC
L,ICC
L,Clang
H,ICC
H,GCC
H,ICC
L,Clang
H,Clang
L,Clang
H,Clang
H,Clang
L,Clang
L,Clang
L,GCC
H,Clang
L,ICC
L,ICC
H,Clang
H,ICC
L,Clang
L,ICC
H,ICC
H,ICC
H,ICC
H,Clang
H,ICC
H,ICC
H,ICC
L,ICC
H,Clang
H,Clang
H,Clang
H,Clang
L,Clang
H,Clang
H,ICC
H,ICC
H,GCC
H,ICC
H,ICC
L,Clang
H,ICC
L,Clang
L,Clang
H,Clang
H,ICC
H,Clang
L,Clang
L,Clang
H,Clang
H,ICC
H,Clang
L,Clang
H,ICC
H,Clang
H,Clang
H,Clang
H,GCC
L,GCC
H,GCC
L,ICC
H,GCC
H,Clang
H,ICC
H,Clang
H,Clang
H,Clang
L,ICC
H,Clang
H,Clang
H,Clang
H,ICC
H,ICC
H,Clang
L,ICC
H,Clang
L,ICC
L,ICC
H,ICC
H,ICC
H,ICC
L,ICC
H,ICC
L,Clang
H,ICC
H,Clang
L,ICC
H,Clang
L,ICC
H,Clang
L,ICC
L,ICC
L,ICC
H,Clang
H,Clang
L,Clang
H,ICC
L,Clang
H,Clang
H,ICC
L,Clang
L,Clang
L,ICC
H,ICC
H,Clang
H,Clang
H,Clang
H,ICC
L,ICC
L,Clang
L,Clang
H,ICC
H,ICC
L,Clang
H,GCC
H,Clang
H,ICC
L,Clang
L,Clang
H,Clang
L,ICC
H,Clang
H,ICC
L,Clang
H,Clang
L,Clang
L,ICC
H,ICC
L,Clang
H,Clang
L,Clang
H,Clang
H,Clang
H,Clang
L,ICC
H,ICC
L,ICC
L,Clang
L,Clang
H,ICC
H,Clang
H,ICC
H,Clang
H,Clang
H,ICC
H,Clang
L,Clang
H,ICC
H,Clang
H,Clang
H,ICC
H,Clang
H,ICC
H,ICC
H,ICC
H,ICC
H,Clang
H,Clang
L,ICC
L,Clang
L,ICC
L,Clang
H,Clang
L,Clang
L,Clang
L,Clang
H,Clang
H,ICC
H,Clang
H,Clang
H,ICC
L,Clang
L,Clang
H,ICC
H,ICC
H,Clang
H,Clang
H,ICC
H,Clang
H,Clang
H,ICC
L,Clang
L,Clang
L,Clang
H,Clang
H,Clang
H,Clang
H,ICC
H,ICC
H,Clang
H,ICC
H,Clang
H,Clang
H,ICC
H,Clang
L,ICC
H,ICC
H,ICC
H,Clang
H,Clang
H,ICC
H,ICC
H,ICC
H,Clang
H,Clang
L,Clang
H,Clang
H,Clang
H,Clang
L,Clang
H,ICC
H,ICC
L,ICC
H,Clang
H,Clang
H,ICC
L,ICC
L,Clang
L,ICC
H,ICC
L,ICC
H,ICC
H,Clang
H,ICC
L,ICC
L,Clang
H,Clang
H,ICC
L,Clang
L,ICC
H,Clang
H,Clang
L,Clang
H,Clang
L,Clang
H,Clang
L,ICC
H,ICC
H,Clang
H,ICC
H,ICC
H,Clang
L,GCC
L,Clang
L,Clang
H,ICC
H,Clang
H,Clang
L,Clang
L,Clang
H,Clang
L,Clang
H,Clang
H,Clang
H,Clang
H,Clang
H,Clang
L,Clang
L,ICC
H,ICC
H,Clang
L,Clang
H,ICC
L,Clang
H,ICC
H,ICC
L,Clang
H,Clang
L,Clang
L,Clang
H,Clang
H,Clang
L,ICC
H,Clang
L,ICC
L,Clang
H,ICC
H,Clang
L,Clang
L,ICC
H,Clang
H,Clang
H,ICC
H,Clang
H,ICC
L,GCC
H,Clang
L,Clang
H,Clang
H,Clang
L,Clang
L,Clang
H,Clang
H,ICC
L,Clang
L,Clang
L,ICC
L,ICC
H,ICC
H,Clang
L,Clang
H,Clang
H,Clang
H,Clang
H,Clang
L,ICC
H,Clang
H,ICC
H,Clang
H,ICC
L,Clang
H,ICC
H,Clang
H,ICC
L,ICC
L,Clang
H,Clang
H,Clang
L,ICC
L,Clang
H,Clang
L,ICC
H,Clang
H,Clang
L,ICC
H,ICC
H,Clang
H,Clang
H,Clang
H,Clang
H,ICC
H,ICC
H,Clang
H,Clang
H,ICC
H,ICC
H,ICC
L,Clang
H,ICC
H,ICC
H,ICC
L,ICC
H,ICC
H,ICC
H,Clang
H,Clang
H,Clang
L,Clang
H,Clang
H,ICC
H,Clang
H,ICC
H,ICC
H,Clang
H,Clang
L,Clang
H,Clang
H,ICC
L,GCC
L,Clang
H,ICC
H,ICC
H,ICC
H,ICC
H,Clang
L,Clang
H,ICC
H,ICC
H,ICC
H,Clang
H,Clang
H,Clang
H,Clang
H,Clang
H,Clang
L,Clang
H,ICC
L,Clang
L,Clang
H,ICC
H,Clang
H,Clang
H,ICC
H,ICC
H,Clang
H,Clang
H,ICC
H,ICC
L,Clang
H,Clang
H,Clang
H,ICC
H,Clang
H,ICC
H,Clang
H,GCC
H,ICC
L,ICC
H,Clang
H,ICC
L,Clang
H,ICC
H,Clang
H,ICC
H,ICC
L,ICC
H,Clang
H,ICC
L,ICC
L,Clang
H,Clang
H,Clang
H,ICC
H,Clang
H,Clang
L,Clang
H,Clang
H,Clang
H,ICC
L,ICC
H,Clang
H,Clang
H,GCC
H,ICC
L,Clang
H,Clang
L,Clang
L,Clang
H,ICC
L,Clang
H,ICC
H,Clang
H,Clang
H,Clang
L,ICC
H,Clang
H,Clang
H,Clang
L,ICC
L,Clang
L,ICC
H,Clang
H,Clang
H,Clang
L,ICC
L,Clang
H,Clang
H,Clang
L,Clang
H,Clang
H,Clang
H,Clang
H,Clang
L,Clang
H,Clang
L,ICC
H,ICC
H,Clang
H,ICC
H,Clang
H,ICC
H,Clang
H,Clang
H,ICC
H,Clang
L,Clang
L,ICC
L,GCC
H,Clang
L,ICC
H,ICC
H,Clang
H,ICC
H,Clang
H,Clang
H,Clang
H,Clang
L,Clang
H,Clang
H,ICC
H,ICC
H,Clang
H,ICC
L,Clang
H,Clang
H,ICC
L,Clang
H,Clang
H,Clang
H,Clang
H,ICC
H,Clang
L,Clang
L,Clang
H,ICC
H,ICC
H,Clang
H,Clang
L,GCC
L,ICC
L,Clang
H,Clang
L,Clang
L,ICC
H,Clang
L,ICC
L,ICC
H,ICC
H,Clang
H,ICC
L,Clang
H,ICC
H,Clang
H,ICC
H,ICC
L,ICC
L,ICC
L,Clang
H,ICC
L,Clang
H,ICC
H,Clang
H,Clang
H,Clang
L,ICC
H,ICC
L,Clang
H,Clang
L,Clang
L,ICC
L,ICC
H,Clang
H,ICC
